{
"__comment": "Make By: N_NameLess  - MCM2D",
"textures": {
    "texture": "items/diamond_sword"
},
"elements": [ 
{
    "from": [ 7, 1, 0 ],
    "to": [ 7.1875, 31.5, 28 ],
    "faces": {
        "down":  { "uv": [ 1.5, 0.5, 2.5, 2 ], "texture": "#texture", "cullface": "down" },
        "up":    { "uv": [ 1.5, 0.5, 2.5, 2 ], "texture": "#texture" },
        "north": { "uv": [ 1, 0, 0.5, 2.5 ], "texture": "#texture", "cullface": "north" },
        "south": { "uv": [ 1, 0, 0.5, 2.5 ], "texture": "#texture" },
        "west":  { "uv": [ 0, 0, 16, 16 ], "texture": "#texture" },
        "east":  { "uv": [ 16, 0, 0, 16 ], "texture": "#texture" }
    }
},
{
    "from": [ 7.0625, 0.9375, 0 ],
    "to": [ 7.25, 31.4375, 28 ],
    "faces": {
        "down":  { "uv": [ 1.5, 0.5, 2.5, 2 ], "texture": "#texture", "cullface": "down" },
        "up":    { "uv": [ 1.5, 0.5, 2.5, 2 ], "texture": "#texture" },
        "north": { "uv": [ 1, 0, 0.5, 2.5 ], "texture": "#texture", "cullface": "north" },
        "south": { "uv": [ 1, 0, 0.5, 2.5 ], "texture": "#texture" },
        "west":  { "uv": [ 0, 0, 16, 16 ], "texture": "#texture" },
        "east":  { "uv": [ 16, 0, 0, 16 ], "texture": "#texture" }
    }
},
{
    "from": [ 7.25, 0.9375, 0 ],
    "to": [ 7.4375, 31.4375, 28 ],
    "faces": {
        "down":  { "uv": [ 1.5, 0.5, 2.5, 2 ], "texture": "#texture", "cullface": "down" },
        "up":    { "uv": [ 1.5, 0.5, 2.5, 2 ], "texture": "#texture" },
        "north": { "uv": [ 1, 0, 0.5, 2.5 ], "texture": "#texture", "cullface": "north" },
        "south": { "uv": [ 1, 0, 0.5, 2.5 ], "texture": "#texture" },
        "west":  { "uv": [ 0, 0, 16, 16 ], "texture": "#texture" },
        "east":  { "uv": [ 16, 0, 0, 16 ], "texture": "#texture" }
    }
},
{
    "from": [ 7.4375, 0.9375, 0 ],
    "to": [ 7.625, 31.4375, 28 ],
    "faces": {
        "down":  { "uv": [ 1.5, 0.5, 2.5, 2 ], "texture": "#texture", "cullface": "down" },
        "up":    { "uv": [ 1.5, 0.5, 2.5, 2 ], "texture": "#texture" },
        "north": { "uv": [ 1, 0, 0.5, 2.5 ], "texture": "#texture", "cullface": "north" },
        "south": { "uv": [ 1, 0, 0.5, 2.5 ], "texture": "#texture" },
        "west":  { "uv": [ 0, 0, 16, 16 ], "texture": "#texture" },
        "east":  { "uv": [ 16, 0, 0, 16 ], "texture": "#texture" }
    }
},
{
    "from": [ 7, 1, 0 ],
    "to": [ 7.1875, 31.5, 28 ],
    "faces": {
        "down":  { "uv": [ 1.5, 0.5, 2.5, 2 ], "texture": "#texture", "cullface": "down" },
        "up":    { "uv": [ 1.5, 0.5, 2.5, 2 ], "texture": "#texture" },
        "north": { "uv": [ 1, 0, 0.5, 2.5 ], "texture": "#texture", "cullface": "north" },
        "south": { "uv": [ 1, 0, 0.5, 2.5 ], "texture": "#texture" },
        "west":  { "uv": [ 0, 0, 16, 16 ], "texture": "#texture" },
        "east":  { "uv": [ 16, 0, 0, 16 ], "texture": "#texture" }
    }
}
],
"display": {
    "thirdperson": {
        "rotation": [ 90, 0, 180 ],
        "translation": [ -3, -10, -5 ],
        "scale": [ 4, 4, 4 ]
    },
    "ground": {
        "rotation": [ 90, 0, 90 ],
        "translation": [ 1.9, -11, 0 ],
        "scale": [ 4, 4, 4 ]
    },
    "firstperson": {
        "rotation": [ 0, -50, 10 ],
        "translation": [ 20, -5, 0 ],
        "scale": [ 4.2, 4.2, 4.2 ]
    },
    "gui": {
        "rotation": [ -90, 210, 30 ],
        "translation": [ 0, 0, 0 ],
        "scale": [ 1.85, 1.85, 1.85 ]
    }
}
}